train_scores_sample,threshold
-0.1446041711844055,0.06739556265114251
-0.14193920424734674,0.06739556265114251
-0.14089639285231664,0.06739556265114251
-0.1402778167415702,0.06739556265114251
-0.13978609287702032,0.06739556265114251
-0.13936012725315244,0.06739556265114251
-0.13910878975151836,0.06739556265114251
-0.13888381990770304,0.06739556265114251
-0.1386175310314639,0.06739556265114251
-0.1383205227621725,0.06739556265114251
-0.13806869067187588,0.06739556265114251
-0.137870679950097,0.06739556265114251
-0.13763161796201034,0.06739556265114251
-0.13741519012000242,0.06739556265114251
-0.13722524407437564,0.06739556265114251
-0.1370562238738816,0.06739556265114251
-0.13688416551471855,0.06739556265114251
-0.13661173238251867,0.06739556265114251
-0.1364477799270014,0.06739556265114251
-0.13628850762891476,0.06739556265114251
-0.1361275547492653,0.06739556265114251
-0.1359782350376787,0.06739556265114251
-0.13586112612149226,0.06739556265114251
-0.135722383220025,0.06739556265114251
-0.13555870257871816,0.06739556265114251
-0.13539557278956327,0.06739556265114251
-0.13523729202783258,0.06739556265114251
-0.13512303072811077,0.06739556265114251
-0.1349905054449273,0.06739556265114251
-0.1348754513318568,0.06739556265114251
-0.1347535460142707,0.06739556265114251
-0.13463781528224944,0.06739556265114251
-0.13450174335884385,0.06739556265114251
-0.13436259826663177,0.06739556265114251
-0.13424152645479465,0.06739556265114251
-0.13415217556412312,0.06739556265114251
-0.1339967145514589,0.06739556265114251
-0.13386166236469876,0.06739556265114251
-0.13376862626755814,0.06739556265114251
-0.13365268643255263,0.06739556265114251
-0.13354648784559647,0.06739556265114251
-0.1334333455498063,0.06739556265114251
-0.13331142536407126,0.06739556265114251
-0.13321705378769605,0.06739556265114251
-0.13311321609100968,0.06739556265114251
-0.13301537629343102,0.06739556265114251
-0.1329155323088948,0.06739556265114251
-0.13280156514730518,0.06739556265114251
-0.1326621635198636,0.06739556265114251
-0.13258284044641122,0.06739556265114251
-0.13249148320838805,0.06739556265114251
-0.1323791334929521,0.06739556265114251
-0.13227884323071448,0.06739556265114251
-0.13218939751660275,0.06739556265114251
-0.1321054615417761,0.06739556265114251
-0.13201775946505317,0.06739556265114251
-0.13188750731541904,0.06739556265114251
-0.13180548060082214,0.06739556265114251
-0.13173697068789825,0.06739556265114251
-0.13162473380421574,0.06739556265114251
-0.13151644054295697,0.06739556265114251
-0.13142711243081523,0.06739556265114251
-0.13132220908570508,0.06739556265114251
-0.13123457462679977,0.06739556265114251
-0.131111929401581,0.06739556265114251
-0.1310258957141079,0.06739556265114251
-0.1309113493163241,0.06739556265114251
-0.13080933906375297,0.06739556265114251
-0.13072149137951045,0.06739556265114251
-0.13062436433150004,0.06739556265114251
-0.13054343320848905,0.06739556265114251
-0.13041391372995365,0.06739556265114251
-0.13031368291375706,0.06739556265114251
-0.1302017080695429,0.06739556265114251
-0.13010843241578746,0.06739556265114251
-0.13000973332329702,0.06739556265114251
-0.12991793787765193,0.06739556265114251
-0.12976857674677544,0.06739556265114251
-0.129693948569158,0.06739556265114251
-0.12959411810080085,0.06739556265114251
-0.1295179979453327,0.06739556265114251
-0.12941898577762356,0.06739556265114251
-0.12931028011208656,0.06739556265114251
-0.1292193401851317,0.06739556265114251
-0.12912854952775193,0.06739556265114251
-0.12904233416790523,0.06739556265114251
-0.1289507043966986,0.06739556265114251
-0.12886924960327772,0.06739556265114251
-0.12876697858316533,0.06739556265114251
-0.12867702579947043,0.06739556265114251
-0.12858358209731485,0.06739556265114251
-0.12846045653759341,0.06739556265114251
-0.12835128394237505,0.06739556265114251
-0.12824647323462468,0.06739556265114251
-0.12817990007666563,0.06739556265114251
-0.12807912355784629,0.06739556265114251
-0.1279782782555754,0.06739556265114251
-0.12790458230557983,0.06739556265114251
-0.12781683707163433,0.06739556265114251
-0.12772120738913062,0.06739556265114251
-0.12761477234981167,0.06739556265114251
-0.12751875631777881,0.06739556265114251
-0.12742639766538721,0.06739556265114251
-0.12735831516321616,0.06739556265114251
-0.12727043819545636,0.06739556265114251
-0.1271905152370963,0.06739556265114251
-0.12710273509331538,0.06739556265114251
-0.12699347732866423,0.06739556265114251
-0.12687346442267722,0.06739556265114251
-0.1267870959148097,0.06739556265114251
-0.12667060724853002,0.06739556265114251
-0.12657587363258638,0.06739556265114251
-0.1265054219970822,0.06739556265114251
-0.12641744475792532,0.06739556265114251
-0.12633541523084052,0.06739556265114251
-0.12623574648374986,0.06739556265114251
-0.12613982258514678,0.06739556265114251
-0.12603618057923283,0.06739556265114251
-0.12595452929415468,0.06739556265114251
-0.1258494958500846,0.06739556265114251
-0.1257687896334055,0.06739556265114251
-0.12567911563314765,0.06739556265114251
-0.12559770733264147,0.06739556265114251
-0.12552076352175956,0.06739556265114251
-0.1254383368306728,0.06739556265114251
-0.12533732361848726,0.06739556265114251
-0.12525795265990475,0.06739556265114251
-0.12519869835945857,0.06739556265114251
-0.12512039141392434,0.06739556265114251
-0.12504520100326288,0.06739556265114251
-0.12494337009757156,0.06739556265114251
-0.12484981890856567,0.06739556265114251
-0.12476333248837113,0.06739556265114251
-0.12468320094563695,0.06739556265114251
-0.12461336583459443,0.06739556265114251
-0.1245066539281316,0.06739556265114251
-0.12442506778048507,0.06739556265114251
-0.12435505978228817,0.06739556265114251
-0.12427764002433195,0.06739556265114251
-0.12417473841268128,0.06739556265114251
-0.12408669197031247,0.06739556265114251
-0.12400793025141699,0.06739556265114251
-0.12394250230356674,0.06739556265114251
-0.12386858514243193,0.06739556265114251
-0.12376324427774998,0.06739556265114251
-0.12367316678887752,0.06739556265114251
-0.12357670640458196,0.06739556265114251
-0.12348215282446229,0.06739556265114251
-0.12341167005926296,0.06739556265114251
-0.12333092999840162,0.06739556265114251
-0.12322277258584069,0.06739556265114251
-0.12315172672901242,0.06739556265114251
-0.12308243793966611,0.06739556265114251
-0.12300813261135607,0.06739556265114251
-0.12289167420173491,0.06739556265114251
-0.12277775990195489,0.06739556265114251
-0.12270666193909219,0.06739556265114251
-0.12264604498036041,0.06739556265114251
-0.12255003112558016,0.06739556265114251
-0.12247858107111664,0.06739556265114251
-0.12239890243409157,0.06739556265114251
-0.12230641894638217,0.06739556265114251
-0.1222071134254773,0.06739556265114251
-0.12212095869253792,0.06739556265114251
-0.12203798739748489,0.06739556265114251
-0.121960575694394,0.06739556265114251
-0.12186287404002538,0.06739556265114251
-0.12179240234744715,0.06739556265114251
-0.12170910880415614,0.06739556265114251
-0.12163765947573718,0.06739556265114251
-0.12156080610965081,0.06739556265114251
-0.12146841586855917,0.06739556265114251
-0.12139565030430921,0.06739556265114251
-0.12130590317462409,0.06739556265114251
-0.12122337276493078,0.06739556265114251
-0.12111329276412236,0.06739556265114251
-0.12101624807464506,0.06739556265114251
-0.12090488867631483,0.06739556265114251
-0.12083471797552442,0.06739556265114251
-0.12075812324049995,0.06739556265114251
-0.12063881518142527,0.06739556265114251
-0.12053091963008772,0.06739556265114251
-0.12045751098383567,0.06739556265114251
-0.12037786619595997,0.06739556265114251
-0.12028975824098087,0.06739556265114251
-0.12019187158199757,0.06739556265114251
-0.12008732445565928,0.06739556265114251
-0.11999884966030477,0.06739556265114251
-0.11989647045905893,0.06739556265114251
-0.11979776697575567,0.06739556265114251
-0.11969204983686338,0.06739556265114251
-0.11962380707204884,0.06739556265114251
-0.1195443443044727,0.06739556265114251
-0.11943135694319318,0.06739556265114251
-0.11933878160949235,0.06739556265114251
-0.1192410601563546,0.06739556265114251
-0.11916914950796548,0.06739556265114251
-0.11907723446952984,0.06739556265114251
-0.11898951016763176,0.06739556265114251
-0.11890449276335452,0.06739556265114251
-0.11878133669018137,0.06739556265114251
-0.11867319437581708,0.06739556265114251
-0.11859527608694498,0.06739556265114251
-0.11851382273524991,0.06739556265114251
-0.11842682859844539,0.06739556265114251
-0.11831638404361183,0.06739556265114251
-0.11822709424135441,0.06739556265114251
-0.11813918982166954,0.06739556265114251
-0.11804764905363574,0.06739556265114251
-0.11795156154651676,0.06739556265114251
-0.1178691418347072,0.06739556265114251
-0.117785612821806,0.06739556265114251
-0.11768588557588844,0.06739556265114251
-0.1175925047991192,0.06739556265114251
-0.117502848099865,0.06739556265114251
-0.11740394616310429,0.06739556265114251
-0.11732072109375552,0.06739556265114251
-0.11723613291349227,0.06739556265114251
-0.11714226085246182,0.06739556265114251
-0.11704895063165255,0.06739556265114251
-0.11698285034166112,0.06739556265114251
-0.11690504735046614,0.06739556265114251
-0.11683636255611646,0.06739556265114251
-0.1167414852637515,0.06739556265114251
-0.11667774553985266,0.06739556265114251
-0.11661436414623833,0.06739556265114251
-0.11649593695266725,0.06739556265114251
-0.11641443999804124,0.06739556265114251
-0.11630512110991692,0.06739556265114251
-0.11620606999852012,0.06739556265114251
-0.11612125916875088,0.06739556265114251
-0.1160285528102653,0.06739556265114251
-0.11596069348340782,0.06739556265114251
-0.11588553181776912,0.06739556265114251
-0.11577248214849045,0.06739556265114251
-0.11570071389187636,0.06739556265114251
-0.11560413177217493,0.06739556265114251
-0.11551905599703077,0.06739556265114251
-0.11544210399140409,0.06739556265114251
-0.11534853329397399,0.06739556265114251
-0.11526789852881203,0.06739556265114251
-0.11520849060869048,0.06739556265114251
-0.11511210947094774,0.06739556265114251
-0.11502361449010973,0.06739556265114251
-0.11492944838191682,0.06739556265114251
-0.11481423083226777,0.06739556265114251
-0.11472221345984795,0.06739556265114251
-0.1146472597321333,0.06739556265114251
-0.11456213842262197,0.06739556265114251
-0.11445565394105756,0.06739556265114251
-0.11436225365009978,0.06739556265114251
-0.11425200459115353,0.06739556265114251
-0.11416556990282123,0.06739556265114251
-0.11404983626326348,0.06739556265114251
-0.1139466554453396,0.06739556265114251
-0.11386687731599882,0.06739556265114251
-0.11378745868246065,0.06739556265114251
-0.11370721104256021,0.06739556265114251
-0.11361133457854233,0.06739556265114251
-0.11350854559434587,0.06739556265114251
-0.11341877045507115,0.06739556265114251
-0.1133255276362814,0.06739556265114251
-0.11323685158833185,0.06739556265114251
-0.11315570550417214,0.06739556265114251
-0.11306483307210596,0.06739556265114251
-0.11296863605234381,0.06739556265114251
-0.11289387224375508,0.06739556265114251
-0.11277580790382724,0.06739556265114251
-0.11268528367001801,0.06739556265114251
-0.11258224431637515,0.06739556265114251
-0.1124912026386874,0.06739556265114251
-0.11241334847907658,0.06739556265114251
-0.11231173546688106,0.06739556265114251
-0.11221268300641929,0.06739556265114251
-0.11213028465395969,0.06739556265114251
-0.11201962676492999,0.06739556265114251
-0.1118980165001856,0.06739556265114251
-0.11180951267383865,0.06739556265114251
-0.11170488160611869,0.06739556265114251
-0.11161504266722383,0.06739556265114251
-0.11150099320459927,0.06739556265114251
-0.11140275531534855,0.06739556265114251
-0.11131735701309103,0.06739556265114251
-0.11120803097704901,0.06739556265114251
-0.1111180308117336,0.06739556265114251
-0.11102959636416215,0.06739556265114251
-0.11094476567040429,0.06739556265114251
-0.11080914027887007,0.06739556265114251
-0.11069042848594673,0.06739556265114251
-0.11060218643500574,0.06739556265114251
-0.11052113061499513,0.06739556265114251
-0.11043290238222903,0.06739556265114251
-0.11035144063812136,0.06739556265114251
-0.11025831279087212,0.06739556265114251
-0.11015995878668622,0.06739556265114251
-0.11004751900188825,0.06739556265114251
-0.10995546056255534,0.06739556265114251
-0.10985767808547786,0.06739556265114251
-0.10975364539055604,0.06739556265114251
-0.1096695160185524,0.06739556265114251
-0.10957156766671206,0.06739556265114251
-0.10947343725217956,0.06739556265114251
-0.10936672227464589,0.06739556265114251
-0.10927949363480083,0.06739556265114251
-0.10917979589395183,0.06739556265114251
-0.10908785796233322,0.06739556265114251
-0.1089837312665663,0.06739556265114251
-0.10890537610298101,0.06739556265114251
-0.10880882871302883,0.06739556265114251
-0.1086958665478453,0.06739556265114251
-0.1085953907219715,0.06739556265114251
-0.1085187845697333,0.06739556265114251
-0.10844047199281237,0.06739556265114251
-0.10833602279661703,0.06739556265114251
-0.1082494116732069,0.06739556265114251
-0.10813943710415047,0.06739556265114251
-0.10805392767320054,0.06739556265114251
-0.10793758193265662,0.06739556265114251
-0.10783111263722978,0.06739556265114251
-0.10772425970287153,0.06739556265114251
-0.10761846255406837,0.06739556265114251
-0.10749530273992836,0.06739556265114251
-0.10742148106478738,0.06739556265114251
-0.10729022043526754,0.06739556265114251
-0.10711639379909155,0.06739556265114251
-0.10701235771055656,0.06739556265114251
-0.10691389283945318,0.06739556265114251
-0.10683405845478261,0.06739556265114251
-0.10673876391037501,0.06739556265114251
-0.10665154827722406,0.06739556265114251
-0.10655181539305048,0.06739556265114251
-0.10645015905686417,0.06739556265114251
-0.10634416932244811,0.06739556265114251
-0.10622482579428055,0.06739556265114251
-0.10612000674673872,0.06739556265114251
-0.10603235428201196,0.06739556265114251
-0.10596366245900923,0.06739556265114251
-0.10586263259346324,0.06739556265114251
-0.10576600235268979,0.06739556265114251
-0.10567688001368902,0.06739556265114251
-0.10559391535903256,0.06739556265114251
-0.10550929691370803,0.06739556265114251
-0.10539748944296917,0.06739556265114251
-0.10529183923435292,0.06739556265114251
-0.10513371845457437,0.06739556265114251
-0.1050361250138605,0.06739556265114251
-0.10492737749709397,0.06739556265114251
-0.10479686925837034,0.06739556265114251
-0.1046839688132632,0.06739556265114251
-0.10455315989009134,0.06739556265114251
-0.10444646661658918,0.06739556265114251
-0.10434200294944374,0.06739556265114251
-0.10423405546905407,0.06739556265114251
-0.10411758715053249,0.06739556265114251
-0.10401826714755003,0.06739556265114251
-0.10390646694208217,0.06739556265114251
-0.10380747298748083,0.06739556265114251
-0.10369528894225027,0.06739556265114251
-0.10359969697440724,0.06739556265114251
-0.10349748812855875,0.06739556265114251
-0.10337075759535369,0.06739556265114251
-0.10327801495477801,0.06739556265114251
-0.10314730810802986,0.06739556265114251
-0.10303366720109441,0.06739556265114251
-0.10291400831156822,0.06739556265114251
-0.10279395303788963,0.06739556265114251
-0.10264284809663643,0.06739556265114251
-0.10256002078184678,0.06739556265114251
-0.1024600009019539,0.06739556265114251
-0.10234100132184692,0.06739556265114251
-0.10220790301710048,0.06739556265114251
-0.10211042252558716,0.06739556265114251
-0.10199505440723389,0.06739556265114251
-0.10184613743971166,0.06739556265114251
-0.10173329836771772,0.06739556265114251
-0.10161249429677927,0.06739556265114251
-0.10150371786169943,0.06739556265114251
-0.10140450079071639,0.06739556265114251
-0.1013147190422562,0.06739556265114251
-0.1012261112184703,0.06739556265114251
-0.10112867076184207,0.06739556265114251
-0.10102749039520564,0.06739556265114251
-0.10091577535441992,0.06739556265114251
-0.10081702017349459,0.06739556265114251
-0.10073344981970145,0.06739556265114251
-0.10060516313113854,0.06739556265114251
-0.10048361420348945,0.06739556265114251
-0.1003636060382399,0.06739556265114251
-0.10023805751077636,0.06739556265114251
-0.10012970123372522,0.06739556265114251
-0.10000285535132486,0.06739556265114251
-0.09988191159151677,0.06739556265114251
-0.09976258538677613,0.06739556265114251
-0.09968574374994282,0.06739556265114251
-0.09956236285737535,0.06739556265114251
-0.09944450965956103,0.06739556265114251
-0.09932918870848345,0.06739556265114251
-0.0992189867566235,0.06739556265114251
-0.09907823414644562,0.06739556265114251
-0.09895189988303182,0.06739556265114251
-0.09882107520824507,0.06739556265114251
-0.09870208705618277,0.06739556265114251
-0.09858040694678821,0.06739556265114251
-0.09845054481560034,0.06739556265114251
-0.09834925348653922,0.06739556265114251
-0.09824251959847496,0.06739556265114251
-0.09811669484396418,0.06739556265114251
-0.09799753266751815,0.06739556265114251
-0.09789095816237642,0.06739556265114251
-0.09777976744936778,0.06739556265114251
-0.09768018240267395,0.06739556265114251
-0.0975701504023192,0.06739556265114251
-0.0974600287228779,0.06739556265114251
-0.09731886178559845,0.06739556265114251
-0.09719528727394428,0.06739556265114251
-0.0970415885490516,0.06739556265114251
-0.0969237204262785,0.06739556265114251
-0.09679113662812516,0.06739556265114251
-0.0966731665556611,0.06739556265114251
-0.09656874695664214,0.06739556265114251
-0.09643622205641356,0.06739556265114251
-0.09632798357135114,0.06739556265114251
-0.09619665202641237,0.06739556265114251
-0.09608702230024618,0.06739556265114251
-0.09596913723506106,0.06739556265114251
-0.09584377282564177,0.06739556265114251
-0.0957210370057398,0.06739556265114251
-0.09558503072785507,0.06739556265114251
-0.09547800163947412,0.06739556265114251
-0.09532256173108572,0.06739556265114251
-0.09520941402275473,0.06739556265114251
-0.0950660846046989,0.06739556265114251
-0.09496372759841482,0.06739556265114251
-0.09482604130585903,0.06739556265114251
-0.09464782017700518,0.06739556265114251
-0.09453155053317802,0.06739556265114251
-0.09440635761978872,0.06739556265114251
-0.09429340085355464,0.06739556265114251
-0.0941821212815458,0.06739556265114251
-0.09403957924034029,0.06739556265114251
-0.09390542106541405,0.06739556265114251
-0.0937611335609112,0.06739556265114251
-0.09362031948627075,0.06739556265114251
-0.09350274828406946,0.06739556265114251
-0.09339580253000557,0.06739556265114251
-0.09329007649867299,0.06739556265114251
-0.09313772823358873,0.06739556265114251
-0.09300692996065779,0.06739556265114251
-0.09286296859991622,0.06739556265114251
-0.09272385321178866,0.06739556265114251
-0.0926013655803486,0.06739556265114251
-0.09247579929785521,0.06739556265114251
-0.09231235372383906,0.06739556265114251
-0.09216704158057193,0.06739556265114251
-0.09205275835079052,0.06739556265114251
-0.09193620878248432,0.06739556265114251
-0.09180383103537382,0.06739556265114251
-0.09160543492747852,0.06739556265114251
-0.0914780988682225,0.06739556265114251
-0.09136112319032885,0.06739556265114251
-0.09123036738716689,0.06739556265114251
-0.09112767507416586,0.06739556265114251
-0.09104316439900978,0.06739556265114251
-0.09093459194995313,0.06739556265114251
-0.09079841988136944,0.06739556265114251
-0.09063149152570726,0.06739556265114251
-0.09050434323190942,0.06739556265114251
-0.09033408789008368,0.06739556265114251
-0.09024836344428522,0.06739556265114251
-0.09013480688290726,0.06739556265114251
-0.0899662018611167,0.06739556265114251
-0.08983588571269341,0.06739556265114251
-0.08968391908711287,0.06739556265114251
-0.08952012877213172,0.06739556265114251
-0.08937277695064144,0.06739556265114251
-0.08923631183061165,0.06739556265114251
-0.08906322202639394,0.06739556265114251
-0.08888303076852327,0.06739556265114251
-0.08871220614371017,0.06739556265114251
-0.08856447877666002,0.06739556265114251
-0.08840138753492005,0.06739556265114251
-0.0881678729150181,0.06739556265114251
-0.08802751789222124,0.06739556265114251
-0.08790831664906179,0.06739556265114251
-0.0877231308921102,0.06739556265114251
-0.08757782590437602,0.06739556265114251
-0.08744209887449755,0.06739556265114251
-0.08729580179134988,0.06739556265114251
-0.08707504579272551,0.06739556265114251
-0.08692593854364161,0.06739556265114251
-0.08682222234653159,0.06739556265114251
-0.08665028343607423,0.06739556265114251
-0.08648057208632748,0.06739556265114251
-0.08626816267991394,0.06739556265114251
-0.08613880628697707,0.06739556265114251
-0.08600060117887715,0.06739556265114251
-0.08585776184998684,0.06739556265114251
-0.08573074931773345,0.06739556265114251
-0.08556252587337376,0.06739556265114251
-0.08540978767785368,0.06739556265114251
-0.0852645798152874,0.06739556265114251
-0.08512847318301908,0.06739556265114251
-0.08497373792545843,0.06739556265114251
-0.08481642139329715,0.06739556265114251
-0.08463654350697392,0.06739556265114251
-0.08448120011250188,0.06739556265114251
-0.08434353397644517,0.06739556265114251
-0.08418761251900542,0.06739556265114251
-0.08404369560035035,0.06739556265114251
-0.083873381465984,0.06739556265114251
-0.08375325513602144,0.06739556265114251
-0.0835990914106538,0.06739556265114251
-0.0834516824969827,0.06739556265114251
-0.08328077114407872,0.06739556265114251
-0.08309478298868961,0.06739556265114251
-0.08293083629440079,0.06739556265114251
-0.08275928457478854,0.06739556265114251
-0.08260141852002045,0.06739556265114251
-0.08243565809463788,0.06739556265114251
-0.08226346821116565,0.06739556265114251
-0.08209254298362934,0.06739556265114251
-0.08193944936706371,0.06739556265114251
-0.08174964320479328,0.06739556265114251
-0.08152062317896863,0.06739556265114251
-0.08138349135539641,0.06739556265114251
-0.08118173518708344,0.06739556265114251
-0.08101674686502836,0.06739556265114251
-0.08088608038647888,0.06739556265114251
-0.0807227641344902,0.06739556265114251
-0.08057270621610063,0.06739556265114251
-0.0803684972761321,0.06739556265114251
-0.08012081704943463,0.06739556265114251
-0.07995609677441834,0.06739556265114251
-0.07976341193461617,0.06739556265114251
-0.0795566239977743,0.06739556265114251
-0.07937311539360664,0.06739556265114251
-0.07921095048534127,0.06739556265114251
-0.07900099787260878,0.06739556265114251
-0.0788011182557139,0.06739556265114251
-0.07862680219268647,0.06739556265114251
-0.07841122009345952,0.06739556265114251
-0.0782374663968467,0.06739556265114251
-0.07808771767549988,0.06739556265114251
-0.07794280247034596,0.06739556265114251
-0.0777514735414504,0.06739556265114251
-0.07759387398599626,0.06739556265114251
-0.0774360950308689,0.06739556265114251
-0.0772830412020607,0.06739556265114251
-0.07710010017609842,0.06739556265114251
-0.07693215423567251,0.06739556265114251
-0.07675162765316002,0.06739556265114251
-0.07658588172759412,0.06739556265114251
-0.07642467443306733,0.06739556265114251
-0.07629642154916166,0.06739556265114251
-0.07609478947830234,0.06739556265114251
-0.07592583678193654,0.06739556265114251
-0.0757198666618335,0.06739556265114251
-0.07550648723713987,0.06739556265114251
-0.07531944051877498,0.06739556265114251
-0.0750884380327449,0.06739556265114251
-0.074916723861093,0.06739556265114251
-0.07471224004314386,0.06739556265114251
-0.07449550183991005,0.06739556265114251
-0.07436884749991457,0.06739556265114251
-0.07415596296624549,0.06739556265114251
-0.07395611827444087,0.06739556265114251
-0.07373153027371249,0.06739556265114251
-0.07347782376954853,0.06739556265114251
-0.07330992230196165,0.06739556265114251
-0.07312897320572548,0.06739556265114251
-0.07289268524163461,0.06739556265114251
-0.0726942168893438,0.06739556265114251
-0.07252645157928428,0.06739556265114251
-0.0723722169330242,0.06739556265114251
-0.07220118484463489,0.06739556265114251
-0.07198052884526035,0.06739556265114251
-0.07180632337222731,0.06739556265114251
-0.07160121181650697,0.06739556265114251
-0.07140380454773881,0.06739556265114251
-0.07117467840540348,0.06739556265114251
-0.07097540893503879,0.06739556265114251
-0.07077862379750283,0.06739556265114251
-0.07059069341775492,0.06739556265114251
-0.07041501292972824,0.06739556265114251
-0.0702228213822686,0.06739556265114251
-0.06995750563858777,0.06739556265114251
-0.06977091601675939,0.06739556265114251
-0.06953945388242322,0.06739556265114251
-0.06937546037930131,0.06739556265114251
-0.06918985841040076,0.06739556265114251
-0.06901014478758472,0.06739556265114251
-0.06876494053075116,0.06739556265114251
-0.06855740792741655,0.06739556265114251
-0.06835027714855096,0.06739556265114251
-0.06820360689345412,0.06739556265114251
-0.06806494719340112,0.06739556265114251
-0.06785618461863846,0.06739556265114251
-0.06762717127529638,0.06739556265114251
-0.06739015026323536,0.06739556265114251
-0.06717480207697557,0.06739556265114251
-0.06691775140007289,0.06739556265114251
-0.0666879728076662,0.06739556265114251
-0.06647051052372799,0.06739556265114251
-0.06619974343114993,0.06739556265114251
-0.06603505800158832,0.06739556265114251
-0.06577856253183917,0.06739556265114251
-0.06555745805671348,0.06739556265114251
-0.06531256699536125,0.06739556265114251
-0.06508549290973759,0.06739556265114251
-0.06474090842897223,0.06739556265114251
-0.06451050714506779,0.06739556265114251
-0.06426315915357722,0.06739556265114251
-0.06404534726433919,0.06739556265114251
-0.06376429059005961,0.06739556265114251
-0.06346772944507317,0.06739556265114251
-0.0632145941313958,0.06739556265114251
-0.0629414944160176,0.06739556265114251
-0.06273557204674307,0.06739556265114251
-0.062496840598571746,0.06739556265114251
-0.06233556003806162,0.06739556265114251
-0.062110072819725526,0.06739556265114251
-0.061909469431782826,0.06739556265114251
-0.061655420869925315,0.06739556265114251
-0.0614733549689534,0.06739556265114251
-0.06112516974673593,0.06739556265114251
-0.06083987622770154,0.06739556265114251
-0.06058810521649227,0.06739556265114251
-0.060362563010414705,0.06739556265114251
-0.06010559945234645,0.06739556265114251
-0.059824635208565846,0.06739556265114251
-0.059641564381962664,0.06739556265114251
-0.05935189887708703,0.06739556265114251
-0.05910042155291367,0.06739556265114251
-0.05887679441864435,0.06739556265114251
-0.05868062981690014,0.06739556265114251
-0.05837735631721386,0.06739556265114251
-0.058149446420252326,0.06739556265114251
-0.05784545030036864,0.06739556265114251
-0.057623043366668125,0.06739556265114251
-0.057381556393954536,0.06739556265114251
-0.057096084173153094,0.06739556265114251
-0.05685580016490965,0.06739556265114251
-0.05663532782194386,0.06739556265114251
-0.056365812356031664,0.06739556265114251
-0.05614760445032335,0.06739556265114251
-0.055829097926183124,0.06739556265114251
-0.05554091044676668,0.06739556265114251
-0.05528931239213958,0.06739556265114251
-0.05502419161000671,0.06739556265114251
-0.054736588099834005,0.06739556265114251
-0.054397491001513254,0.06739556265114251
-0.054142767335816355,0.06739556265114251
-0.05386635417685337,0.06739556265114251
-0.05350623974833735,0.06739556265114251
-0.05323180530180904,0.06739556265114251
-0.05296544670332165,0.06739556265114251
-0.05263587491846111,0.06739556265114251
-0.052308799441145415,0.06739556265114251
-0.05203237917017517,0.06739556265114251
-0.05177765805685425,0.06739556265114251
-0.051518052780278156,0.06739556265114251
-0.05131806113874415,0.06739556265114251
-0.05103294837070643,0.06739556265114251
-0.050747447461211626,0.06739556265114251
-0.05045879092641914,0.06739556265114251
-0.050115206207201723,0.06739556265114251
-0.04988299168242594,0.06739556265114251
-0.04964533601238108,0.06739556265114251
-0.04929648027566913,0.06739556265114251
-0.04903838882011591,0.06739556265114251
-0.04878169475381994,0.06739556265114251
-0.04838229120246429,0.06739556265114251
-0.04815653397758862,0.06739556265114251
-0.04783699673481079,0.06739556265114251
-0.04751054212779221,0.06739556265114251
-0.047269902378619943,0.06739556265114251
-0.0469701685103005,0.06739556265114251
-0.046666865445135874,0.06739556265114251
-0.04642123721534147,0.06739556265114251
-0.04616667710745814,0.06739556265114251
-0.045865348863571964,0.06739556265114251
-0.04556808985365829,0.06739556265114251
-0.045224566478925976,0.06739556265114251
-0.04489473708024927,0.06739556265114251
-0.04466832379615404,0.06739556265114251
-0.04439897319323727,0.06739556265114251
-0.04412193623778521,0.06739556265114251
-0.043859529118650264,0.06739556265114251
-0.04348957270364906,0.06739556265114251
-0.04314666478844903,0.06739556265114251
-0.04276628307422631,0.06739556265114251
-0.04240180700369145,0.06739556265114251
-0.04204832648788909,0.06739556265114251
-0.04177877784524092,0.06739556265114251
-0.04145153968224752,0.06739556265114251
-0.04112581451125791,0.06739556265114251
-0.040810323504024415,0.06739556265114251
-0.040503556077154224,0.06739556265114251
-0.04011084054382419,0.06739556265114251
-0.03974905575073201,0.06739556265114251
-0.03936895647158911,0.06739556265114251
-0.03896272107401566,0.06739556265114251
-0.03858949208717666,0.06739556265114251
-0.03811729385926754,0.06739556265114251
-0.03782016313666686,0.06739556265114251
-0.03748010631442106,0.06739556265114251
-0.037132706794152925,0.06739556265114251
-0.03665076153426111,0.06739556265114251
-0.03606223023526606,0.06739556265114251
-0.03571883927121622,0.06739556265114251
-0.03530289629338046,0.06739556265114251
-0.03483187919706299,0.06739556265114251
-0.034379102409064666,0.06739556265114251
-0.034030029451007304,0.06739556265114251
-0.033621065880039214,0.06739556265114251
-0.03314842312522248,0.06739556265114251
-0.03276330954141182,0.06739556265114251
-0.03221728063881579,0.06739556265114251
-0.031806700857352155,0.06739556265114251
-0.03141834375858732,0.06739556265114251
-0.03091996534425856,0.06739556265114251
-0.0303169614296393,0.06739556265114251
-0.02987089199710785,0.06739556265114251
-0.029404218755129607,0.06739556265114251
-0.02886297613583766,0.06739556265114251
-0.02823281877388717,0.06739556265114251
-0.027737317056878208,0.06739556265114251
-0.0272574790885442,0.06739556265114251
-0.02669879587070534,0.06739556265114251
-0.02623541479492797,0.06739556265114251
-0.02584372510580485,0.06739556265114251
-0.025419558795395647,0.06739556265114251
-0.025125657102785914,0.06739556265114251
-0.02469020279477796,0.06739556265114251
-0.02406671983114317,0.06739556265114251
-0.02359151708603119,0.06739556265114251
-0.023101996435118566,0.06739556265114251
-0.022618558893288343,0.06739556265114251
-0.022111719924446882,0.06739556265114251
-0.02154417377070017,0.06739556265114251
-0.020962751732203966,0.06739556265114251
-0.02053568990232274,0.06739556265114251
-0.01984478096842135,0.06739556265114251
-0.019310674186091115,0.06739556265114251
-0.01862501446478465,0.06739556265114251
-0.017988852477863526,0.06739556265114251
-0.01743236422515071,0.06739556265114251
-0.016870245746703372,0.06739556265114251
-0.016361975059018208,0.06739556265114251
-0.015823201504136575,0.06739556265114251
-0.015266342385924392,0.06739556265114251
-0.014586736236526232,0.06739556265114251
-0.013911500826450263,0.06739556265114251
-0.01323660507852209,0.06739556265114251
-0.012569586171950586,0.06739556265114251
-0.01189347556840259,0.06739556265114251
-0.011418751807675431,0.06739556265114251
-0.010957564632815386,0.06739556265114251
-0.010387792098241366,0.06739556265114251
-0.009821532335643146,0.06739556265114251
-0.00930028554129414,0.06739556265114251
-0.008455217683995708,0.06739556265114251
-0.007620075812637295,0.06739556265114251
-0.007083818824477173,0.06739556265114251
-0.00639132835992795,0.06739556265114251
-0.005640387744899167,0.06739556265114251
-0.004755211649870028,0.06739556265114251
-0.003932490957073931,0.06739556265114251
-0.003267258095984882,0.06739556265114251
-0.0026923728543210013,0.06739556265114251
-0.0020241948806673515,0.06739556265114251
-0.0013407216672726707,0.06739556265114251
-0.0007533687755637009,0.06739556265114251
-0.00012825343018713076,0.06739556265114251
0.0006643973272583148,0.06739556265114251
0.0013500137479958152,0.06739556265114251
0.0022399607863921034,0.06739556265114251
0.0029440522009791525,0.06739556265114251
0.0037139542636286382,0.06739556265114251
0.004403369816108449,0.06739556265114251
0.005452523689725375,0.06739556265114251
0.006223415937347987,0.06739556265114251
0.006969770352572402,0.06739556265114251
0.007726391826882839,0.06739556265114251
0.008442432016577461,0.06739556265114251
0.009164293756643405,0.06739556265114251
0.010053053685861846,0.06739556265114251
0.010890811378137188,0.06739556265114251
0.01163580227774974,0.06739556265114251
0.012683283617437424,0.06739556265114251
0.013888658185390201,0.06739556265114251
0.014740179931830633,0.06739556265114251
0.015633186522015063,0.06739556265114251
0.016527194803249712,0.06739556265114251
0.017370864538795217,0.06739556265114251
0.018117054363372964,0.06739556265114251
0.019330392226279636,0.06739556265114251
0.020162612848387718,0.06739556265114251
0.02113783857520546,0.06739556265114251
0.022023407995215738,0.06739556265114251
0.023033497538998637,0.06739556265114251
0.023874964246158537,0.06739556265114251
0.02504949696317693,0.06739556265114251
0.02627323678448512,0.06739556265114251
0.027149064037661486,0.06739556265114251
0.028012520123703255,0.06739556265114251
0.02893340508060871,0.06739556265114251
0.029809454750653996,0.06739556265114251
0.03043924360322181,0.06739556265114251
0.03157854500194868,0.06739556265114251
0.03263243857229137,0.06739556265114251
0.03357530800605968,0.06739556265114251
0.03442160919743387,0.06739556265114251
0.035270830559221866,0.06739556265114251
0.03628659364835851,0.06739556265114251
0.03725710203823762,0.06739556265114251
0.03806141244097849,0.06739556265114251
0.039277965673350956,0.06739556265114251
0.04013239770498467,0.06739556265114251
0.04129444315044495,0.06739556265114251
0.04216973738801488,0.06739556265114251
0.0432320617212858,0.06739556265114251
0.044142004843845783,0.06739556265114251
0.04502651992400797,0.06739556265114251
0.046009410838480425,0.06739556265114251
0.047141362083914395,0.06739556265114251
0.04825071290429683,0.06739556265114251
0.04937822736612463,0.06739556265114251
0.05029213266585697,0.06739556265114251
0.05127845465647163,0.06739556265114251
0.05249798639529135,0.06739556265114251
0.053307112380302724,0.06739556265114251
0.054378177003678196,0.06739556265114251
0.055141824555383856,0.06739556265114251
0.05591097996525962,0.06739556265114251
0.05681279240790682,0.06739556265114251
0.057745278923534316,0.06739556265114251
0.05841827021007173,0.06739556265114251
0.059207480649909994,0.06739556265114251
0.060086750311219794,0.06739556265114251
0.060795386736372525,0.06739556265114251
0.0613912812006947,0.06739556265114251
0.06206259889894705,0.06739556265114251
0.06295617820564492,0.06739556265114251
0.0636138352609571,0.06739556265114251
0.06406593426844265,0.06739556265114251
0.06462715248966922,0.06739556265114251
0.06522032898890662,0.06739556265114251
0.06573433807254025,0.06739556265114251
0.0662636741341387,0.06739556265114251
0.06689463337933121,0.06739556265114251
0.06732135399168848,0.06739556265114251
0.06778364331242048,0.06739556265114251
0.06831234874828884,0.06739556265114251
0.06881257490394665,0.06739556265114251
0.0693569989934536,0.06739556265114251
0.06998172142062398,0.06739556265114251
0.07051575377829289,0.06739556265114251
0.0709889796464388,0.06739556265114251
0.07140843177892675,0.06739556265114251
0.0718277119370262,0.06739556265114251
0.07229246902742403,0.06739556265114251
0.07290316145072673,0.06739556265114251
0.07340467810427187,0.06739556265114251
0.07399300528389385,0.06739556265114251
0.0744051969336127,0.06739556265114251
0.07502541956365871,0.06739556265114251
0.07563112479872514,0.06739556265114251
0.0762554959884213,0.06739556265114251
0.07673652494589,0.06739556265114251
0.07747521612433128,0.06739556265114251
0.07803235503844774,0.06739556265114251
0.07872414430686003,0.06739556265114251
0.07918088852897742,0.06739556265114251
0.07987284256763072,0.06739556265114251
0.08055942404191596,0.06739556265114251
0.08112348920548162,0.06739556265114251
0.08159869005553,0.06739556265114251
0.08232216297016604,0.06739556265114251
0.0827906746689584,0.06739556265114251
0.0834591591069126,0.06739556265114251
0.08406046618120866,0.06739556265114251
0.08463671817247276,0.06739556265114251
0.08521170790250943,0.06739556265114251
0.0856558549901284,0.06739556265114251
0.08631710593519337,0.06739556265114251
0.08680967413185448,0.06739556265114251
0.08731225745246896,0.06739556265114251
0.08798355344450115,0.06739556265114251
0.08844154539907212,0.06739556265114251
0.08916920640053905,0.06739556265114251
0.08972056389406757,0.06739556265114251
0.09031824622441664,0.06739556265114251
0.09093185967117468,0.06739556265114251
0.0917244945862975,0.06739556265114251
0.09228652351535949,0.06739556265114251
0.09309342630252515,0.06739556265114251
0.09358024786353769,0.06739556265114251
0.09413712823579001,0.06739556265114251
0.09482366088965177,0.06739556265114251
0.09570783961854157,0.06739556265114251
0.09649647421605034,0.06739556265114251
0.09738421655503493,0.06739556265114251
0.09812132212158242,0.06739556265114251
0.09880619240515987,0.06739556265114251
0.09942352236785446,0.06739556265114251
0.10037006645589341,0.06739556265114251
0.10125530117417647,0.06739556265114251
0.10188050002701643,0.06739556265114251
0.10250336235002688,0.06739556265114251
0.10320604371607045,0.06739556265114251
0.10415328950181024,0.06739556265114251
0.10511163546322999,0.06739556265114251
0.10599435350817143,0.06739556265114251
0.1069077058208151,0.06739556265114251
0.1077425853837588,0.06739556265114251
0.10880438887139998,0.06739556265114251
0.10966430258125426,0.06739556265114251
0.1106679474526947,0.06739556265114251
0.11170889384920835,0.06739556265114251
0.11289819430487136,0.06739556265114251
0.1137890698609948,0.06739556265114251
0.11481795026942376,0.06739556265114251
0.11585570304169635,0.06739556265114251
0.11690002651403697,0.06739556265114251
0.11797535451222652,0.06739556265114251
0.11899490528241385,0.06739556265114251
0.12027990998075844,0.06739556265114251
0.12162255815565648,0.06739556265114251
0.12308556286787153,0.06739556265114251
0.12508414003519408,0.06739556265114251
0.1264147143205817,0.06739556265114251
0.12786855553739662,0.06739556265114251
0.12970754225205716,0.06739556265114251
0.13188063515382453,0.06739556265114251
0.13399155698163334,0.06739556265114251
0.13582673096794728,0.06739556265114251
0.13789272293344557,0.06739556265114251
0.1400571706455519,0.06739556265114251
0.14246958553364553,0.06739556265114251
0.14486330106246192,0.06739556265114251
0.14716072005255998,0.06739556265114251
0.149985515735228,0.06739556265114251
0.1538206497481751,0.06739556265114251
0.1593966996881876,0.06739556265114251
0.16607559470813105,0.06739556265114251
